email_id,subject,true_label,predicted_label,reasoning,error,raw_response
0,Re: lifegem,0,PHISHING,The email appears to be a phishing attempt as it contains suspicious links and a tone that is not appropriate for a legitimate business email.,,"{
""classification"": ""PHISHING"",
""reasoning"": ""The email appears to be a phishing attempt as it contains suspicious links and a tone that is not appropriate for a legitimate business email.""
}"
1,Re: [opensuse] Nvidia + Xen,0,LEGITIMATE,"The email appears to be a discussion about graphics drivers for the opensuse operating system, specifically whether they work with the Xen kernel. It does not contain any suspicious links or requests for personal information, so it can be classified as legitimate.",,"{
""classification"": ""LEGITIMATE"",
""reasoning"": ""The email appears to be a discussion about graphics drivers for the opensuse operating system, specifically whether they work with the Xen kernel. It does not contain any suspicious links or requests for personal information, so it can be classified as legitimate.""
}"
2,Re: [sugar] Getting sugar running on a Mac,0,PHISHING,The email appears to be a phishing attempt as it is not related to the Sugar mailing list and the sender's email address is not a legitimate member of the list.,,"{
""classification"": ""PHISHING"",
""reasoning"": ""The email appears to be a phishing attempt as it is not related to the Sugar mailing list and the sender's email address is not a legitimate member of the list.""
}"
3,ATM De-activation,1,PHISHING,"The email is likely phishing because it asks the recipient to follow a link to rectify an issue with their debit card, which is a common tactic used by scammers to steal personal information. Additionally, the email contains grammatical errors and a request to visit a bank branch or contact a customer service center is not a typical way for a bank to communicate with its customers.",,"{
""classification"": ""PHISHING"",
""reasoning"": ""The email is likely phishing because it asks the recipient to follow a link to rectify an issue with their debit card, which is a common tactic used by scammers to steal personal information. Additionally, the email contains grammatical errors and a request to visit a bank branch or contact a customer service center is not a typical way for a bank to communicate with its customers.""
}"
4,AVAST SECURITY ALERT,1,PHISHING,"The email is attempting to scare the recipient into thinking their mailbox has been infected with a virus and to convince them to scan their mailbox. The email also provides a link to a fake website that claims to have checked the email for viruses, which is a common tactic used by phishing emails to trick users into providing personal information.",,"{
""classification"": ""PHISHING"",
""reasoning"": ""The email is attempting to scare the recipient into thinking their mailbox has been infected with a virus and to convince them to scan their mailbox. The email also provides a link to a fake website that claims to have checked the email for viruses, which is a common tactic used by phishing emails to trick users into providing personal information.""
}"
5,GTV project status weekly update,0,PHISHING,"The email appears to be legitimate as it contains information about the GTV project status and updates. However, it's important to verify the sender and the content of the email before taking any action.",,"{
""classification"": ""PHISHING"",
""reasoning"": ""The email appears to be legitimate as it contains information about the GTV project status and updates. However, it's important to verify the sender and the content of the email before taking any action.""
}"
6,Re:,1,PHISHING,"The email contains an embedded link that could potentially lead to a malicious website. It also uses a non-standard URL structure, which is a common tactic used by phishing emails to trick users into clicking on links.",,"{
""classification"": ""PHISHING"",
""reasoning"": ""The email contains an embedded link that could potentially lead to a malicious website. It also uses a non-standard URL structure, which is a common tactic used by phishing emails to trick users into clicking on links.""
}"
7,FROM ADE WILLIAMS,1,PHISHING,The email is attempting to scam the recipient by falsely claiming to be a legal solicitor and attempting to deceive them into providing personal information or transferring money.,,"{
""classification"": ""PHISHING"",
""reasoning"": ""The email is attempting to scam the recipient by falsely claiming to be a legal solicitor and attempting to deceive them into providing personal information or transferring money.""
}"
8,Re: [dkim-milter-discuss] postfix + dkim-filter + email lists - milter  troubles (can't read SMFIC_HEADER,0,PHISHING,"The email appears to be a phishing attempt as it contains suspicious links or attachments, or requests for personal information.",,"{
""classification"": ""PHISHING"",
""reasoning"": ""The email appears to be a phishing attempt as it contains suspicious links or attachments, or requests for personal information.""
}"
9,re : half day strategy meeting,0,PHISHING,"The email lacks proper formatting and contains suspicious characters, which could indicate a phishing attempt.",,"{
""classification"": ""PHISHING"",
""reasoning"": ""The email lacks proper formatting and contains suspicious characters, which could indicate a phishing attempt.""
}"
