email_id,subject,true_label,predicted_label,phish_type,summary,summary_error,reasoning,classify_error,summary_raw_response,classify_raw_response
0,[SOC100-L:509] (no subject),1,LEGITIMATE,stock_pump_dump,"This email discusses the decline of Hawaii's economy, particularly focusing on the impact of the closure of sugar mills and the reliance on tourism. The author reflects on personal experiences with family businesses struggling due to economic downturn and compares it to the lack of innovation in addressing Hawaii's economic challenges, using the example of a soap pouch as a metaphor for overlooked solutions.",,"The email content discusses economic issues in Hawaii and personal reflections, not typical phishing themes.",,"{""summary"": ""This email discusses the decline of Hawaii's economy, particularly focusing on the impact of the closure of sugar mills and the reliance on tourism. The author reflects on personal experiences with family businesses struggling due to economic downturn and compares it to the lack of innovation in addressing Hawaii's economic challenges, using the example of a soap pouch as a metaphor for overlooked solutions.""}","{""classification"": ""LEGITIMATE"", ""reasoning"": ""The email content discusses economic issues in Hawaii and personal reflections, not typical phishing themes.""}"
1,here is the estimate that i came up with for work still to be done by enron,0,LEGITIMATE,legit,"The sender, likely an Enron employee, has sent an estimate for remaining work and asks the recipient to review it and forward it to Michelle. There is no urgency or deadline mentioned.",,"Internal communication about work estimate, no suspicious elements.",,"{""summary"": ""The sender, likely an Enron employee, has sent an estimate for remaining work and asks the recipient to review it and forward it to Michelle. There is no urgency or deadline mentioned.""}","{""classification"": ""LEGITIMATE"", ""reasoning"": ""Internal communication about work estimate, no suspicious elements.""}"
2,Auto Email Upgrade jose@monkey.org,1,PHISHING,document_share,"This email from 'Email Administrator' warns that the recipient's mailbox (jose@monkey.org) is almost full (1989MB out of 2000MB) and urges them to upgrade their storage immediately.  Failure to upgrade may result in difficulty receiving emails, account closure, and data loss. The sender claims the upgrade is free of charge. The email includes a confidentiality notice and contact information for the sender and an administrator.",,"Generic warning about full mailbox, unsolicited upgrade offer, and use of 'Email Administrator' as sender name are common phishing tactics.",,"{""summary"": ""This email from 'Email Administrator' warns that the recipient's mailbox (jose@monkey.org) is almost full (1989MB out of 2000MB) and urges them to upgrade their storage immediately.  Failure to upgrade may result in difficulty receiving emails, account closure, and data loss. The sender claims the upgrade is free of charge. The email includes a confidentiality notice and contact information for the sender and an administrator.""}","{""classification"": ""PHISHING"", ""reasoning"": ""Generic warning about full mailbox, unsolicited upgrade offer, and use of 'Email Administrator' as sender name are common phishing tactics.""}"
3,Re: but he really does use Outlook,0,LEGITIMATE,legit,"The sender, rceejke@jidanni.org, is responding to a previous email where the recipient's Spamassassin flagged their message as potentially forged from MS Outlook. The sender insists they use MS Outlook (Express) and suggests the recipient investigate their Spamassassin configuration to understand why the rule is triggering. They mention the rule 'FORGED_MUA_OUTLOOK' and provide some details about its scoring system and potential causes.",,"The email appears to be a legitimate response to a spam filter issue, providing technical details about the flagged rule.",,"{""summary"": ""The sender, rceejke@jidanni.org, is responding to a previous email where the recipient's Spamassassin flagged their message as potentially forged from MS Outlook. The sender insists they use MS Outlook (Express) and suggests the recipient investigate their Spamassassin configuration to understand why the rule is triggering. They mention the rule 'FORGED_MUA_OUTLOOK' and provide some details about its scoring system and potential causes.""}","{""classification"": ""LEGITIMATE"", ""reasoning"": ""The email appears to be a legitimate response to a spam filter issue, providing technical details about the flagged rule.""}"
4,Your own business!,1,PHISHING,hr_impersonation,"Clarice Nichols from MT Rushphase Co. is offering a ""Company Representative"" position with a starting income of USD1000 per week.  Applicants must be US citizens, 19 years or older, law-abiding, and have basic computer and internet skills.  Interested candidates are asked to fill out a form on http://mt-rushphase.info/careers.html",,Unsolicited job offers with unrealistic pay and a suspicious domain are common phishing tactics.,,"{""summary"": ""Clarice Nichols from MT Rushphase Co. is offering a \""Company Representative\"" position with a starting income of USD1000 per week.  Applicants must be US citizens, 19 years or older, law-abiding, and have basic computer and internet skills.  Interested candidates are asked to fill out a form on http://mt-rushphase.info/careers.html""}","{""classification"": ""PHISHING"", ""reasoning"": ""Unsolicited job offers with unrealistic pay and a suspicious domain are common phishing tactics.""}"
5,re : volatility conference,0,LEGITIMATE,legit,"Todd Strauss from PHB Hagler Bailly, Inc. thanks Vince Kaminski for his participation in the Infocast Volatility Conference in Houston. He praises Vince's analysis of the electricity markets and wishes him a happy and prosperous new year.",,The email appears to be a genuine thank you note from a professional event organizer to a participant.,,"{""summary"": ""Todd Strauss from PHB Hagler Bailly, Inc. thanks Vince Kaminski for his participation in the Infocast Volatility Conference in Houston. He praises Vince's analysis of the electricity markets and wishes him a happy and prosperous new year.""}","{""classification"": ""LEGITIMATE"", ""reasoning"": ""The email appears to be a genuine thank you note from a professional event organizer to a participant.""}"
6,Total success!,1,PHISHING,hr_impersonation,"Clarice Nichols from MT Rushphase Co. is offering a ""Company Representative"" position with a starting income of USD1000 per week.  Applicants must be US citizens, 19 years or older, law-abiding, and have basic computer and internet knowledge.  Interested candidates are asked to fill out a form on http://mt-rushphase.org/careers.html",,Unsolicited job offers with unrealistic salaries and generic requirements are common phishing tactics.,,"{""summary"": ""Clarice Nichols from MT Rushphase Co. is offering a \""Company Representative\"" position with a starting income of USD1000 per week.  Applicants must be US citizens, 19 years or older, law-abiding, and have basic computer and internet knowledge.  Interested candidates are asked to fill out a form on http://mt-rushphase.org/careers.html""}","{""classification"": ""PHISHING"", ""reasoning"": ""Unsolicited job offers with unrealistic salaries and generic requirements are common phishing tactics.""}"
7,Please DocuSign: Offer20201116-0740974_jose.pdf ,1,PHISHING,document_share,"The sender, DocuSign, is requesting the recipient to electronically sign a completed document titled 'Offer20201116-0740974_jose.pdf' via DocuSign. The email provides a link to view the completed document and encourages the recipient to download the DocuSign app.",,Requests for urgent document signing with generic filenames and links are common phishing tactics.,,"{""summary"": ""The sender, DocuSign, is requesting the recipient to electronically sign a completed document titled 'Offer20201116-0740974_jose.pdf' via DocuSign. The email provides a link to view the completed document and encourages the recipient to download the DocuSign app.""}","{""classification"": ""PHISHING"", ""reasoning"": ""Requests for urgent document signing with generic filenames and links are common phishing tactics.""}"
8,COINGRATULATION !!! YOU HAVE WON,1,PHISHING,lottery,"The sender, claiming to be from the Euro Millions Spanish Lottery International, informs the recipient they have won 1,000,000 Euros. They request the recipient to contact Dr. Robert Sanchez of Sanchez Security Company Espa�a via email (sanchezseguros@netscape.net) or phone (0034-699-752-404) to claim the prize. The recipient is instructed to keep the information confidential and to quote their reference and batch numbers in all correspondence. The deadline to claim the prize is one month from the email date.",,"Classic lottery scam format requesting personal information and using a generic, unprofessional email address.",,"{""summary"": ""The sender, claiming to be from the Euro Millions Spanish Lottery International, informs the recipient they have won 1,000,000 Euros. They request the recipient to contact Dr. Robert Sanchez of Sanchez Security Company Espa�a via email (sanchezseguros@netscape.net) or phone (0034-699-752-404) to claim the prize. The recipient is instructed to keep the information confidential and to quote their reference and batch numbers in all correspondence. The deadline to claim the prize is one month from the email date.""}","{""classification"": ""PHISHING"", ""reasoning"": ""Classic lottery scam format requesting personal information and using a generic, unprofessional email address.""}"
9,article : ' business gets brisker online ' ( enron mention ),0,LEGITIMATE,legit,"Sarimah Black sent an article from the Financial Times, August 8, 2001, titled 'business gets brisker online' (enron mention) and requests the recipient to review it.",,The email appears to be a legitimate request to review an article from a reputable source.,,"{""summary"": ""Sarimah Black sent an article from the Financial Times, August 8, 2001, titled 'business gets brisker online' (enron mention) and requests the recipient to review it.""}","{""classification"": ""LEGITIMATE"", ""reasoning"": ""The email appears to be a legitimate request to review an article from a reputable source.""}"
10,[DMDX] Re: fail to run DMDX with DirectX9.0,0,LEGITIMATE,legit,"The sender is experiencing issues running DMDX on their IBM thinkpad T40 with DirectX9.0. They previously ran DMDX successfully on a different laptop with DirectX8.1. They are asking for assistance in troubleshooting the issue, as they believe it may be related to the DirectX version. The sender also mentions that they have tried running TimeDX, as suggested previously, but are still encountering problems.",,"The email describes a technical issue with a software program and requests help troubleshooting it, which is typical of legitimate user support requests.",,"{""summary"": ""The sender is experiencing issues running DMDX on their IBM thinkpad T40 with DirectX9.0. They previously ran DMDX successfully on a different laptop with DirectX8.1. They are asking for assistance in troubleshooting the issue, as they believe it may be related to the DirectX version. The sender also mentions that they have tried running TimeDX, as suggested previously, but are still encountering problems.""}","{""classification"": ""LEGITIMATE"", ""reasoning"": ""The email describes a technical issue with a software program and requests help troubleshooting it, which is typical of legitimate user support requests.""}"
11,New possibility to satisfy her dreams immediately,1,PHISHING,pharm_sex,"The sender, promoting VPXL penis enlargement system, claims it offers permanent and safe results. They request the recipient to place an order via http://camepace.com for prompt delivery.",,Unsolicited email promoting a dubious product with a suspicious URL is a common phishing tactic.,,"{""summary"": ""The sender, promoting VPXL penis enlargement system, claims it offers permanent and safe results. They request the recipient to place an order via http://camepace.com for prompt delivery. ""}","{""classification"": ""PHISHING"", ""reasoning"": ""Unsolicited email promoting a dubious product with a suspicious URL is a common phishing tactic.""}"
12,Fight for your self-perfection!,1,PHISHING,pharm_sex,"The sender is promoting a product claiming to enlarge male genitalia, suggesting it is a safe alternative to surgery. They provide a link to their website (http://wearplaces.com/) for more information.",,"The subject and content promote a dubious product with unrealistic claims, often associated with scams.",,"{""summary"": ""The sender is promoting a product claiming to enlarge male genitalia, suggesting it is a safe alternative to surgery. They provide a link to their website (http://wearplaces.com/) for more information.""}","{""classification"": ""PHISHING"", ""reasoning"": ""The subject and content promote a dubious product with unrealistic claims, often associated with scams.""}"
13,Re: [zzzzteana] The Cafe Forteana is back online!!!,0,PHISHING,legit,TimC sent a photo link asking which one is the recipient. There is a Yahoo! Groups unsubscribe link provided.,,"Suspicious subject line with random characters, photo link request, and generic unsubscribe link.",,"{""summary"": ""TimC sent a photo link asking which one is the recipient. There is a Yahoo! Groups unsubscribe link provided.""}","{""classification"": ""PHISHING"", ""reasoning"": ""Suspicious subject line with random characters, photo link request, and generic unsubscribe link.""}"
14,Perfect proportions are easily attained,1,PHISHING,hr_impersonation,"The sender claims their preparation will help the recipient win a competition of male dimensions and obtain a stronger erection. They provide a link (http://dearcan.com/) and make no mention of urgency, threats, deadlines, attachments, phone numbers, or sensitive information requests.",,The subject and email content suggest a scam promoting a product with dubious health claims.,,"{""summary"": ""The sender claims their preparation will help the recipient win a competition of male dimensions and obtain a stronger erection. They provide a link (http://dearcan.com/) and make no mention of urgency, threats, deadlines, attachments, phone numbers, or sensitive information requests.""}","{""classification"": ""PHISHING"", ""reasoning"": ""The subject and email content suggest a scam promoting a product with dubious health claims.""}"
15,Re: Pbl.spamhaus.org down?,0,LEGITIMATE,legit,"The sender, SM, is responding to Michael Scheidell's inquiry about the status of pbl.spamhaus.org. SM confirms that pbl.spamhaus.org is working for them, but notes that ns8.spamhaus.org is not responding to queries. They suggest Michael try different name servers listed by spamhaus.org.",,The email appears to be a legitimate response to an inquiry about a technical issue with a known domain.,,"{""summary"": ""The sender, SM, is responding to Michael Scheidell's inquiry about the status of pbl.spamhaus.org. SM confirms that pbl.spamhaus.org is working for them, but notes that ns8.spamhaus.org is not responding to queries. They suggest Michael try different name servers listed by spamhaus.org.""}","{""classification"": ""LEGITIMATE"", ""reasoning"": ""The email appears to be a legitimate response to an inquiry about a technical issue with a known domain.""}"
16,re :,0,PHISHING,legit,"Tammie Schoppe informs the recipient that Vitol has issued a credit, but it will take two billing cycles to appear on their Amex statement. This email is a follow-up to a previous email from Louise Kitchen requesting documents to be printed, reimbursement for Christmas flights from Continental, and an update on expenses.",,Unusual subject line and request for sensitive information (credit details),,"{""summary"": ""Tammie Schoppe informs the recipient that Vitol has issued a credit, but it will take two billing cycles to appear on their Amex statement. This email is a follow-up to a previous email from Louise Kitchen requesting documents to be printed, reimbursement for Christmas flights from Continental, and an update on expenses.""}","{""classification"": ""PHISHING"", ""reasoning"": ""Unusual subject line and request for sensitive information (credit details)""}"
17,MSNBC: Rates Hit 35 year Low 4.75% ...12304,1,PHISHING,loans,"This email from MSNBC claims interest rates are at a 40-year low and encourages recipients to refinance or take out new loans for various purposes. It offers a free, no-obligation service and provides a link to their website: http://marketing-fashion.com/user0201/index.asp?Afft=QM3. An unsubscribe link is also provided: http://marketing-fashion.com/light/watch.asp",,"Suspicious domain in link, subject line uses urgency and misleading information",,"{""summary"": ""This email from MSNBC claims interest rates are at a 40-year low and encourages recipients to refinance or take out new loans for various purposes. It offers a free, no-obligation service and provides a link to their website: http://marketing-fashion.com/user0201/index.asp?Afft=QM3. An unsubscribe link is also provided: http://marketing-fashion.com/light/watch.asp""}","{""classification"": ""PHISHING"", ""reasoning"": ""Suspicious domain in link, subject line uses urgency and misleading information""}"
18,Re: server is rejecting mail from single domain,0,LEGITIMATE,legit,The sender is experiencing issues with a client's server announcing itself as 'Spam-Server' instead of its FQDN during email communication. This is causing email rejection. The sender suggests whitelisting the client or contacting the client's server administrator to resolve the issue.,,The email content describes a technical issue with email delivery and offers legitimate solutions.,,"{""summary"": ""The sender is experiencing issues with a client's server announcing itself as 'Spam-Server' instead of its FQDN during email communication. This is causing email rejection. The sender suggests whitelisting the client or contacting the client's server administrator to resolve the issue.""}","{""classification"": ""LEGITIMATE"", ""reasoning"": ""The email content describes a technical issue with email delivery and offers legitimate solutions.""}"
19,How to hack the sonar module from a Polaroid 3500 Camera,0,PHISHING,legit,"Bill Denzel is asking for information on how to hack the sonar module from a Polaroid Sonar 3500 camera, requesting links or advice.",,Requesting hacking information is suspicious and likely malicious.,,"{""summary"": ""Bill Denzel is asking for information on how to hack the sonar module from a Polaroid Sonar 3500 camera, requesting links or advice.""}","{""classification"": ""PHISHING"", ""reasoning"": ""Requesting hacking information is suspicious and likely malicious.""}"
20,Re: [R] do.call vs. lapply for lists,0,LEGITIMATE,legit,"Bob thanks Marc for clarifying the difference between do.call and lapply in R. Marc explains that do.call passes the list as a single argument to the function, while lapply calls the function separately for each element in the list. Bob was confused because lapply didn't produce the same result as do.call in his example, but Marc's explanation helped him understand the difference.",,"The email content is a typical technical discussion about R programming, indicating a legitimate exchange.",,"{""summary"": ""Bob thanks Marc for clarifying the difference between do.call and lapply in R. Marc explains that do.call passes the list as a single argument to the function, while lapply calls the function separately for each element in the list. Bob was confused because lapply didn't produce the same result as do.call in his example, but Marc's explanation helped him understand the difference.""}","{""classification"": ""LEGITIMATE"", ""reasoning"": ""The email content is a typical technical discussion about R programming, indicating a legitimate exchange.""}"
21,HELLO!!,1,PHISHING,advance_fee,"Mr. Lewis Musasike, claiming to be the General Manager of the Development Bank of Southern Africa, proposes a fraudulent scheme. He claims a deceased client left behind an unclaimed US$10,500,000 deposit and wants the recipient to act as the beneficiary in exchange for 40% of the funds. He requests the recipient's full name and address to initiate the process through his attorney. The email urges immediate confidentiality and highlights the potential for investment in real estate.",,"The email contains classic phishing hallmarks: unsolicited offer of large sum of money, request for personal information, urgency, and mention of an attorney.",,"{""summary"": ""Mr. Lewis Musasike, claiming to be the General Manager of the Development Bank of Southern Africa, proposes a fraudulent scheme. He claims a deceased client left behind an unclaimed US$10,500,000 deposit and wants the recipient to act as the beneficiary in exchange for 40% of the funds. He requests the recipient's full name and address to initiate the process through his attorney. The email urges immediate confidentiality and highlights the potential for investment in real estate.""}","{""classification"": ""PHISHING"", ""reasoning"": ""The email contains classic phishing hallmarks: unsolicited offer of large sum of money, request for personal information, urgency, and mention of an attorney.""}"
22,"For you  color=""#006643""",1,PHISHING,dating_sites,This email from 'lovermind' appears to be spam. It promotes a website (http://kerflactatcq.408ez.com/) and requests the recipient to remove their email from a list. The email contains nonsensical text and potentially malicious links.,,"Suspicious subject, unsolicited request to remove from list, nonsensical text, and potentially malicious link.",,"{""summary"": ""This email from 'lovermind' appears to be spam. It promotes a website (http://kerflactatcq.408ez.com/) and requests the recipient to remove their email from a list. The email contains nonsensical text and potentially malicious links.""}","{""classification"": ""PHISHING"", ""reasoning"": ""Suspicious subject, unsolicited request to remove from list, nonsensical text, and potentially malicious link.""}"
23,re : enron / stanford program,0,LEGITIMATE,legit,"Stinson informs Nick that Paul Racicot, Head of Trading for EBS North America, has agreed to send $100,000 for Nick's program from his budget. Stinson forwarded a draft letter and will follow up to ensure prompt payment.",,The email appears to be a legitimate internal communication regarding a program at Stanford.,,"{""summary"": ""Stinson informs Nick that Paul Racicot, Head of Trading for EBS North America, has agreed to send $100,000 for Nick's program from his budget. Stinson forwarded a draft letter and will follow up to ensure prompt payment.""}","{""classification"": ""LEGITIMATE"", ""reasoning"": ""The email appears to be a legitimate internal communication regarding a program at Stanford.""}"
24,50 ways to meet your lover_heissmedel,1,PHISHING,dating_sites,"Olesia, a 40-year-old woman from Sliema, Malta, is seeking a man aged 39-60. She invites the recipient to become a member to see more results and provides a link to a website (http://uimyafykari.narod.ru). Her email address is orateorix@gmail.com.",,The subject line is suggestive and the email promotes a dating website with a suspicious URL.,,"{""summary"": ""Olesia, a 40-year-old woman from Sliema, Malta, is seeking a man aged 39-60. She invites the recipient to become a member to see more results and provides a link to a website (http://uimyafykari.narod.ru). Her email address is orateorix@gmail.com.""}","{""classification"": ""PHISHING"", ""reasoning"": ""The subject line is suggestive and the email promotes a dating website with a suspicious URL.""}"
25,[PownceAPI] Re: I need an opinon,0,LEGITIMATE,legit,italiano40 is porting the Pownce API to Java and asks for advice on which XML parsing library to use. They are considering open-sourcing their work and inquire if the recipient plans to release their code on platforms like SourceForge or JavaForge.,,The email discusses technical details about an open-source project and seeks advice from a relevant community member.,,"{""summary"": ""italiano40 is porting the Pownce API to Java and asks for advice on which XML parsing library to use. They are considering open-sourcing their work and inquire if the recipient plans to release their code on platforms like SourceForge or JavaForge.""}","{""classification"": ""LEGITIMATE"", ""reasoning"": ""The email discusses technical details about an open-source project and seeks advice from a relevant community member.""}"
26,Big Five record companies guilty of price fixing,0,LEGITIMATE,legit,This email informs the recipient about a price-fixing scandal involving five major U.S. music distributors and three large retailers. The companies agreed to pay millions in fines and free CDs. The email includes links to articles discussing the issue: http://blogcritics.org/archives/2002/09/30/123242.php#20020930123242 and http://www.quicktopic.com/16/H/VL2YSRjKGRqHc,,The subject and summary describe a real news event about a price-fixing scandal involving music companies. The included links point to news articles from reputable sources.,,"{""summary"": ""This email informs the recipient about a price-fixing scandal involving five major U.S. music distributors and three large retailers. The companies agreed to pay millions in fines and free CDs. The email includes links to articles discussing the issue: http://blogcritics.org/archives/2002/09/30/123242.php#20020930123242 and http://www.quicktopic.com/16/H/VL2YSRjKGRqHc""}","{""classification"": ""LEGITIMATE"", ""reasoning"": ""The subject and summary describe a real news event about a price-fixing scandal involving music companies. The included links point to news articles from reputable sources.""}"
27,Re: [ILUG] iSCSI & Shared Storage Question,0,LEGITIMATE,legit,"AJ is asking for advice on shared storage solutions for a cluster of web applications. Paul Jakma suggested NFS, but AJ is exploring alternatives like OCFS and GFS. AJ is concerned about data replication and concurrent access to files.",,"The email discusses a technical topic within a user group context, seeking advice on a common IT issue.",,"{""summary"": ""AJ is asking for advice on shared storage solutions for a cluster of web applications. Paul Jakma suggested NFS, but AJ is exploring alternatives like OCFS and GFS. AJ is concerned about data replication and concurrent access to files.""}","{""classification"": ""LEGITIMATE"", ""reasoning"": ""The email discusses a technical topic within a user group context, seeking advice on a common IT issue.""}"
28,Please help!!!!!!!,0,LEGITIMATE,legit,"Steve Wall from Sir Sandford Fleming college is requesting assembly instructions for a version 1.1 serial/batt board, as the board received does not match the assembly manual. He needs help to construct the device as soon as possible and is missing an accurate manual and component list.",,The email appears to be a legitimate request for technical assistance from a student.,,"{""summary"": ""Steve Wall from Sir Sandford Fleming college is requesting assembly instructions for a version 1.1 serial/batt board, as the board received does not match the assembly manual. He needs help to construct the device as soon as possible and is missing an accurate manual and component list.""}","{""classification"": ""LEGITIMATE"", ""reasoning"": ""The email appears to be a legitimate request for technical assistance from a student.""}"
29,[Spambayes] Ditching WordInfo,0,LEGITIMATE,legit,"Guido van Rossum is sharing his optimization of Spambayes by storing WordInfo pickles in an anydbm dict, resulting in a 50x speed improvement. He acknowledges that the project's goal isn't necessarily speed, but he questions if .4 seconds per message is acceptable for batch processing with fetchmail.",,"The email discusses a technical optimization for the Spambayes project by a known figure in the Python community, Guido van Rossum.",,"{""summary"": ""Guido van Rossum is sharing his optimization of Spambayes by storing WordInfo pickles in an anydbm dict, resulting in a 50x speed improvement. He acknowledges that the project's goal isn't necessarily speed, but he questions if .4 seconds per message is acceptable for batch processing with fetchmail.""}","{""classification"": ""LEGITIMATE"", ""reasoning"": ""The email discusses a technical optimization for the Spambayes project by a known figure in the Python community, Guido van Rossum.""}"
30,Re: monitoring queue mechanisms?,0,LEGITIMATE,legit,"Terry is responding to a query about monitoring Postfix mail server queues. He explains that Postfix generally handles mail flow automatically, with undeliverable messages generating delay notices. He mentions the 'qshape' command for server health checks and notes that manual intervention is minimal unless specific message holding criteria are implemented.",,"The email content describes a technical discussion about mail server operations, which is consistent with legitimate IT support or consultation.",,"{""summary"": ""Terry is responding to a query about monitoring Postfix mail server queues. He explains that Postfix generally handles mail flow automatically, with undeliverable messages generating delay notices. He mentions the 'qshape' command for server health checks and notes that manual intervention is minimal unless specific message holding criteria are implemented.""}","{""classification"": ""LEGITIMATE"", ""reasoning"": ""The email content describes a technical discussion about mail server operations, which is consistent with legitimate IT support or consultation.""}"
31,Re:,1,PHISHING,stock_pump_dump,"The sender, likely an investor or promoter, urges the recipient to research De Greko, Inc. (OTC: DGKO) due to an upcoming nationwide awareness campaign for their 'Clixme' product launching in 45 days. The campaign will target major media outlets and aims to increase public and investor awareness. The sender mentions receiving a million free shares and intends to sell them, potentially impacting the stock price. They warn the recipient about the risks of investing and advise reading the company's annual report before making any decisions.",,"The email promotes a specific stock with a potential pump-and-dump scheme, urging the recipient to buy before a planned price increase.",,"{""summary"": ""The sender, likely an investor or promoter, urges the recipient to research De Greko, Inc. (OTC: DGKO) due to an upcoming nationwide awareness campaign for their 'Clixme' product launching in 45 days. The campaign will target major media outlets and aims to increase public and investor awareness. The sender mentions receiving a million free shares and intends to sell them, potentially impacting the stock price. They warn the recipient about the risks of investing and advise reading the company's annual report before making any decisions.""}","{""classification"": ""PHISHING"", ""reasoning"": ""The email promotes a specific stock with a potential pump-and-dump scheme, urging the recipient to buy before a planned price increase.""}"
32,fw : midcon 9401 ( permanent march file - expanded distribution li,0,LEGITIMATE,legit,John Allen is informing Greg Mason that there will be a partial non-take situation on day 9 due to a compressor issue. He requests that Mason swing down the flow on HPL to 13 from 28. This is a follow-up to previous messages regarding flow adjustments for days 7 and 8.,,"The email content describes a work-related issue and request, consistent with legitimate internal communication.",,"{""summary"": ""John Allen is informing Greg Mason that there will be a partial non-take situation on day 9 due to a compressor issue. He requests that Mason swing down the flow on HPL to 13 from 28. This is a follow-up to previous messages regarding flow adjustments for days 7 and 8.""}","{""classification"": ""LEGITIMATE"", ""reasoning"": ""The email content describes a work-related issue and request, consistent with legitimate internal communication.""}"
33,calpine daily gas nomination,0,LEGITIMATE,legit,Ricky Archer from Calpine Fuel Supply informs Julie that they are experiencing difficulties starting a unit this afternoon and will keep her updated. He attaches two documents: 'calpine daily gas nomination 1.doc' and 'calpine daily gas nomination 1.doc'.,,The email appears to be a legitimate internal communication regarding operational issues.,,"{""summary"": ""Ricky Archer from Calpine Fuel Supply informs Julie that they are experiencing difficulties starting a unit this afternoon and will keep her updated. He attaches two documents: 'calpine daily gas nomination 1.doc' and 'calpine daily gas nomination 1.doc'.""}","{""classification"": ""LEGITIMATE"", ""reasoning"": ""The email appears to be a legitimate internal communication regarding operational issues.""}"
34,Get a key to her heart!,1,PHISHING,pharm_sex,The sender is promoting a male enhancement product from milddear.com and encourages the recipient to visit the website.,,Subject line is suggestive and uses emotional manipulation. Promoting a product through unsolicited email is a common phishing tactic.,,"{""summary"": ""The sender is promoting a male enhancement product from milddear.com and encourages the recipient to visit the website.""}","{""classification"": ""PHISHING"", ""reasoning"": ""Subject line is suggestive and uses emotional manipulation. Promoting a product through unsolicited email is a common phishing tactic.""}"
35,re : encrypted mail,1,PHISHING,tech_support,"The sender is contacting the recipient regarding an encrypted email and has attached a file scanned by Bitdefender Antivirus, claiming it is virus-free. They request the recipient to review the attachment for further details.",,"Requests for reviewing attachments from unknown senders, especially with claims of encryption and virus scans, are common phishing tactics.",,"{""summary"": ""The sender is contacting the recipient regarding an encrypted email and has attached a file scanned by Bitdefender Antivirus, claiming it is virus-free. They request the recipient to review the attachment for further details.""}","{""classification"": ""PHISHING"", ""reasoning"": ""Requests for reviewing attachments from unknown senders, especially with claims of encryption and virus scans, are common phishing tactics.""}"
36,Oil Prices expected to boost prices of building materials,1,PHISHING,stock_pump_dump,"This email promotes Coattec Industries, Inc. (OTC Pink Sheets: CTCK), a company with exclusive rights to a new polyurethane coating technology. The technology offers superior performance and cost-effectiveness compared to existing products and has applications in various industries, including roofing, textiles, and construction. The email highlights the company's experienced management team, potential for significant revenue growth, and encourages investors to buy CTCK stock, citing its potential for high returns.",,"The email promotes a specific stock with promises of high returns, a common tactic used in phishing scams.",,"{""summary"": ""This email promotes Coattec Industries, Inc. (OTC Pink Sheets: CTCK), a company with exclusive rights to a new polyurethane coating technology. The technology offers superior performance and cost-effectiveness compared to existing products and has applications in various industries, including roofing, textiles, and construction. The email highlights the company's experienced management team, potential for significant revenue growth, and encourages investors to buy CTCK stock, citing its potential for high returns.""}","{""classification"": ""PHISHING"", ""reasoning"": ""The email promotes a specific stock with promises of high returns, a common tactic used in phishing scams.""}"
37,Re: throttling,0,LEGITIMATE,legit,"The sender, Colin Campbell from Citec, is responding to an email about postfix throttling errors. He suggests either removing MySQL maps from postfix configuration or using a compatible postfix version that supports MySQL maps. He provides contact information for further assistance.",,The email appears to be a legitimate technical support response addressing a specific issue with postfix throttling.,,"{""summary"": ""The sender, Colin Campbell from Citec, is responding to an email about postfix throttling errors. He suggests either removing MySQL maps from postfix configuration or using a compatible postfix version that supports MySQL maps. He provides contact information for further assistance.""}","{""classification"": ""LEGITIMATE"", ""reasoning"": ""The email appears to be a legitimate technical support response addressing a specific issue with postfix throttling.""}"
38,Amazon Case-1020-3090-4080-1090,1,PHISHING,account_verify,Amazon claims your account has been temporarily limited and requests you update your information within 24 hours to resolve the issue. They provide a link (http://www.amazon.com/update/informations) and a case ID (#003-498-237-832).,,"Requests urgent action, uses generic language, and provides a suspicious link.",,"{""summary"": ""Amazon claims your account has been temporarily limited and requests you update your information within 24 hours to resolve the issue. They provide a link (http://www.amazon.com/update/informations) and a case ID (#003-498-237-832).""}","{""classification"": ""PHISHING"", ""reasoning"": ""Requests urgent action, uses generic language, and provides a suspicious link.""}"
39,inspiring article by Howard Jonas who founded IDT,0,LEGITIMATE,legit,"The sender, Nalin, is sharing an inspiring article about Howard Jonas, founder of IDT, and his journey to success. The article highlights key moments in Jonas's career, including the company's IPO, a breakthrough technology that reduced international call costs, and his early entrepreneurial experience running a hot dog stand as a teenager.",,"The email content describes a motivational article about a well-known entrepreneur, which is not typical of phishing attempts.",,"{""summary"": ""The sender, Nalin, is sharing an inspiring article about Howard Jonas, founder of IDT, and his journey to success. The article highlights key moments in Jonas's career, including the company's IPO, a breakthrough technology that reduced international call costs, and his early entrepreneurial experience running a hot dog stand as a teenager.""}","{""classification"": ""LEGITIMATE"", ""reasoning"": ""The email content describes a motivational article about a well-known entrepreneur, which is not typical of phishing attempts.""}"
40,Hoag's Object,0,LEGITIMATE,legit,Jim sent a link to an image of a wheel within a wheel galaxy from the Space Telescope Science Institute and made a general comment about the universe.,,The email content describes a legitimate scientific topic and source.,,"{""summary"": ""Jim sent a link to an image of a wheel within a wheel galaxy from the Space Telescope Science Institute and made a general comment about the universe.""}","{""classification"": ""LEGITIMATE"", ""reasoning"": ""The email content describes a legitimate scientific topic and source.""}"
41,Mortgage for even the worst credit                  ZWZM,1,PHISHING,loans,"The sender, claiming to offer the best refinance rates, encourages the recipient to fill out a form to have mortgage companies compete for their business, regardless of credit history. They provide two links: http://210.51.251.244/al/cgi-bin/redir.cgi?goto=ID74210 and http://61.129.81.99/al/cgi-bin/redir.cgi?goto=ID74215",,"Offers mortgage refinancing regardless of credit, uses suspicious shortened links.",,"{""summary"": ""The sender, claiming to offer the best refinance rates, encourages the recipient to fill out a form to have mortgage companies compete for their business, regardless of credit history. They provide two links: http://210.51.251.244/al/cgi-bin/redir.cgi?goto=ID74210 and http://61.129.81.99/al/cgi-bin/redir.cgi?goto=ID74215""}","{""classification"": ""PHISHING"", ""reasoning"": ""Offers mortgage refinancing regardless of credit, uses suspicious shortened links.""}"
42,You won't believe! It's incredible!,1,PHISHING,pharm_sex,The sender is promoting a product called a 'love wand' and encourages the recipient to visit their website http://whitedone.com for more information.,,Unsolicited promotion of a product with a suspicious name and website domain suggests a phishing attempt.,,"{""summary"": ""The sender is promoting a product called a 'love wand' and encourages the recipient to visit their website http://whitedone.com for more information.""}","{""classification"": ""PHISHING"", ""reasoning"": ""Unsolicited promotion of a product with a suspicious name and website domain suggests a phishing attempt.""}"
43,Fw: Mould Purchase Order - order#84014,1,PHISHING,invoice_payment,"The sender from the IMP & EXP Dept is resending a large Excel file (235.xls, 217.3 MB) that they were previously unable to attach due to size. They request the recipient to view or download the file.",,"Large unsolicited file attachment, especially an Excel file, is a common phishing tactic.",,"{""summary"": ""The sender from the IMP & EXP Dept is resending a large Excel file (235.xls, 217.3 MB) that they were previously unable to attach due to size. They request the recipient to view or download the file.""}","{""classification"": ""PHISHING"", ""reasoning"": ""Large unsolicited file attachment, especially an Excel file, is a common phishing tactic.""}"
44,50 ways to meet your lover_cindy184,1,LEGITIMATE,dating_sites,"LoveSparks, a dating website, is contacting the recipient to encourage them to become a member to see more potential matches. The email includes a link to the website and the sender's email address. No specific requests or deadlines are mentioned.",,"The email appears to be a standard marketing email from a dating website, inviting the recipient to join.",,"{""summary"": ""LoveSparks, a dating website, is contacting the recipient to encourage them to become a member to see more potential matches. The email includes a link to the website and the sender's email address. No specific requests or deadlines are mentioned.""}","{""classification"": ""LEGITIMATE"", ""reasoning"": ""The email appears to be a standard marketing email from a dating website, inviting the recipient to join.""}"
45,Collect Your Money! Time:1:30:33 AM,1,LEGITIMATE,loans,"National Credit Systems, Inc. is a debt collection agency offering services to businesses. They request the recipient to contact them via email, fax, mail, or phone to discuss debt collection services. They offer to report unpaid accounts to credit bureaus and provide contact information for further inquiries.",,Debt collection agencies are legitimate businesses and the email provides contact information for verification.,,"{""summary"": ""National Credit Systems, Inc. is a debt collection agency offering services to businesses. They request the recipient to contact them via email, fax, mail, or phone to discuss debt collection services. They offer to report unpaid accounts to credit bureaus and provide contact information for further inquiries.""}","{""classification"": ""LEGITIMATE"", ""reasoning"": ""Debt collection agencies are legitimate businesses and the email provides contact information for verification.""}"
46,Contact Your Co ordinator,1,PHISHING,lottery,"The email claims the recipient won a US$2,500,000 lottery and instructs them to contact Dr. Stuart Dienen at microinternl@netscape.net or +31 649 304 472 to claim the prize.",,Lottery scams are common phishing tactics.,,"{""summary"": ""The email claims the recipient won a US$2,500,000 lottery and instructs them to contact Dr. Stuart Dienen at microinternl@netscape.net or +31 649 304 472 to claim the prize.""}","{""classification"": ""PHISHING"", ""reasoning"": ""Lottery scams are common phishing tactics.""}"
47,YOU ARE A  WINNER.,1,PHISHING,lottery,"The email claims the recipient won $2,500,000 in a lottery and instructs them to contact David Carino (agent2006redy@netscape.net, +31 626 672 394) with personal information (name, phone number, nationality, age) to claim the prize. The recipient is given a 14-day deadline to claim the winnings.",,"Requests personal information and uses a generic lottery win subject line, common phishing tactics.",,"{""summary"": ""The email claims the recipient won $2,500,000 in a lottery and instructs them to contact David Carino (agent2006redy@netscape.net, +31 626 672 394) with personal information (name, phone number, nationality, age) to claim the prize. The recipient is given a 14-day deadline to claim the winnings.""}","{""classification"": ""PHISHING"", ""reasoning"": ""Requests personal information and uses a generic lottery win subject line, common phishing tactics.""}"
48,Get the Download PDF #283/Deposit-INVOICE002,1,PHISHING,document_share,Absa Bank Limited is requesting the recipient to download a PDF deposit receipt (#283) via a link in the email. The email also mentions an attached SMS message confirming successful receipt of the e-statement.,,Requests for sensitive information (like a deposit receipt) via unsolicited email links is a common phishing tactic.,,"{""summary"": ""Absa Bank Limited is requesting the recipient to download a PDF deposit receipt (#283) via a link in the email. The email also mentions an attached SMS message confirming successful receipt of the e-statement.""}","{""classification"": ""PHISHING"", ""reasoning"": ""Requests for sensitive information (like a deposit receipt) via unsolicited email links is a common phishing tactic.""}"
49,Re: [opensuse] Warning - 10.3/XGL repository has compiz/emerald version mismatch,0,LEGITIMATE,legit,"Patrick Shanahan responds to David C. Rankin's inquiry about a bug report (https://bugzilla.novell.com/show_bug.cgi?id=360196) regarding a version mismatch in the opensuse 10.3/XGL repository, accusing Rankin of not posting the report.",,The email appears to be a legitimate response to a bug report within a specific software project.,,"{""summary"": ""Patrick Shanahan responds to David C. Rankin's inquiry about a bug report (https://bugzilla.novell.com/show_bug.cgi?id=360196) regarding a version mismatch in the opensuse 10.3/XGL repository, accusing Rankin of not posting the report.""}","{""classification"": ""LEGITIMATE"", ""reasoning"": ""The email appears to be a legitimate response to a bug report within a specific software project.""}"
50,Psychologist endorsed products for men,1,PHISHING,pharm_sex,"The sender is contacting the recipient to promote products for men, claiming they are endorsed by psychologists and suggesting that women dislike men with low libidos. They provide a link to a website: http://www.fiftywait.com/",,"The email uses manipulative language and questionable claims (psychologist endorsement, linking low libido to women's dislike) to promote products, which is a common tactic in phishing scams.",,"{""summary"": ""The sender is contacting the recipient to promote products for men, claiming they are endorsed by psychologists and suggesting that women dislike men with low libidos. They provide a link to a website: http://www.fiftywait.com/""}","{""classification"": ""PHISHING"", ""reasoning"": ""The email uses manipulative language and questionable claims (psychologist endorsement, linking low libido to women's dislike) to promote products, which is a common tactic in phishing scams.""}"
51,NFCU cannot verify your account information,1,PHISHING,account_verify,Navy Federal Credit Union is requesting the recipient to update their billing information due to a problem processing their statement. Failure to update their information promptly may result in the discontinuation of their online account service. The recipient is asked to visit a secure web form to update their information by clicking a provided link. The email also includes contact information for Navy Federal Credit Union.,,Requests sensitive information (billing details) and uses urgency to pressure the recipient into clicking a potentially malicious link.,,"{""summary"": ""Navy Federal Credit Union is requesting the recipient to update their billing information due to a problem processing their statement. Failure to update their information promptly may result in the discontinuation of their online account service. The recipient is asked to visit a secure web form to update their information by clicking a provided link. The email also includes contact information for Navy Federal Credit Union.""}","{""classification"": ""PHISHING"", ""reasoning"": ""Requests sensitive information (billing details) and uses urgency to pressure the recipient into clicking a potentially malicious link.""}"
52,Re: [Python-3000] The release process,0,LEGITIMATE,legit,"Christian Heimes explains the process of updating the Python 3.0 NEWS file, stating that changes from Python 2.6 are generally included in Python 3.0 unless they are explicitly excluded. Barry, the release manager, expresses concern about the Docs/whatsnew/ files lagging behind during the alpha phase but is reassured by the active monitoring of commits and NEWS files. He requests that these files be updated by the time beta releases begin.",,"The email discusses internal Python development processes, which is typical of legitimate communication within a software project.",,"{""summary"": ""Christian Heimes explains the process of updating the Python 3.0 NEWS file, stating that changes from Python 2.6 are generally included in Python 3.0 unless they are explicitly excluded. Barry, the release manager, expresses concern about the Docs/whatsnew/ files lagging behind during the alpha phase but is reassured by the active monitoring of commits and NEWS files. He requests that these files be updated by the time beta releases begin.""}","{""classification"": ""LEGITIMATE"", ""reasoning"": ""The email discusses internal Python development processes, which is typical of legitimate communication within a software project.""}"
53,you were added,1,PHISHING,tech_support,"The sender, claiming to offer a solution for pop-up ads and spyware, requests the recipient to download a free program from multiple provided links. They warn of privacy invasion, credit card fraud, and spyware installation. The email contains suspicious characters and multiple links to 'stop-spyware-now.info'",,"Suspicious subject, unsolicited offer, multiple links to a suspicious domain, and warnings of threats are common phishing tactics.",,"{""summary"": ""The sender, claiming to offer a solution for pop-up ads and spyware, requests the recipient to download a free program from multiple provided links. They warn of privacy invasion, credit card fraud, and spyware installation. The email contains suspicious characters and multiple links to 'stop-spyware-now.info'""}","{""classification"": ""PHISHING"", ""reasoning"": ""Suspicious subject, unsolicited offer, multiple links to a suspicious domain, and warnings of threats are common phishing tactics.""}"
54,CONFIDENTIAL,1,PHISHING,advance_fee,"Dr. Tunji Owo, claiming to be a manager at Zenith Bank in Lagos, Nigeria, proposes a fraudulent scheme. He claims a deceased customer's $29.5 million deposit is unclaimed and offers the recipient 25% of the funds if they agree to act as the beneficiary. He requests the recipient's full name and address to initiate the process, promising to handle all legal paperwork through an attorney. The email emphasizes confidentiality and potential future investment opportunities.",,"The email contains classic phishing hallmarks: unsolicited offer of large sum of money, request for personal information, urgency, and mention of a deceased person's funds.",,"{""summary"": ""Dr. Tunji Owo, claiming to be a manager at Zenith Bank in Lagos, Nigeria, proposes a fraudulent scheme. He claims a deceased customer's $29.5 million deposit is unclaimed and offers the recipient 25% of the funds if they agree to act as the beneficiary. He requests the recipient's full name and address to initiate the process, promising to handle all legal paperwork through an attorney. The email emphasizes confidentiality and potential future investment opportunities.""}","{""classification"": ""PHISHING"", ""reasoning"": ""The email contains classic phishing hallmarks: unsolicited offer of large sum of money, request for personal information, urgency, and mention of a deceased person's funds.""}"
55,lng models,0,LEGITIMATE,legit,"Merritt Thomas forwarded several LNG models from Rotenberg's LNG group to Jeffrey Shankman, requesting he pass them along to his LNG team.",,The email appears to be an internal communication about sharing work files.,,"{""summary"": ""Merritt Thomas forwarded several LNG models from Rotenberg's LNG group to Jeffrey Shankman, requesting he pass them along to his LNG team. ""}","{""classification"": ""LEGITIMATE"", ""reasoning"": ""The email appears to be an internal communication about sharing work files.""}"
56,Extra 450$ every week. limited offer,1,PHISHING,hr_impersonation,Agatha Po from URD is offering a work-from-home office manager position for a transportation company with a salary of $450 per week.  Applicants must be American citizens and have basic computer skills.  The offer is limited and encourages immediate sign-up via their website http://usaredirect.com or email info.usaredirect@gmail.com,,Promises of easy money and a limited-time offer are common phishing tactics.,,"{""summary"": ""Agatha Po from URD is offering a work-from-home office manager position for a transportation company with a salary of $450 per week.  Applicants must be American citizens and have basic computer skills.  The offer is limited and encourages immediate sign-up via their website http://usaredirect.com or email info.usaredirect@gmail.com""}","{""classification"": ""PHISHING"", ""reasoning"": ""Promises of easy money and a limited-time offer are common phishing tactics.""}"
57,New_Order#SQ031776 for Payment,1,PHISHING,invoice_payment,"The sender, contacting from Zix®, urgently requests the recipient (jose@monkey.org) to provide their best prices and invoice for order #SQ031776 so it can be shipped. The email contains a link to a document and warns of proprietary and confidential information.",,"Urgent requests for sensitive information, mention of proprietary data, and a link in a seemingly unsolicited email are common phishing tactics.",,"{""summary"": ""The sender, contacting from Zix®, urgently requests the recipient (jose@monkey.org) to provide their best prices and invoice for order #SQ031776 so it can be shipped. The email contains a link to a document and warns of proprietary and confidential information.""}","{""classification"": ""PHISHING"", ""reasoning"": ""Urgent requests for sensitive information, mention of proprietary data, and a link in a seemingly unsolicited email are common phishing tactics.""}"
58,Regional Managers Needed ,1,PHISHING,hr_impersonation,"Aschsoft Inc. is hiring Regional Managers globally due to increased service popularity.  Applicants should provide personal information (First Name, Last Name, Country, Email, Contact Number, Time available) and a resume to Michle.Gans@gmail.com.  The company offers a flexible schedule, good salary, tax payment, and insurance. A Call Manager will provide further details.",,"Requests for personal information via email from an unfamiliar sender, especially with promises of a job offer, are common phishing tactics.",,"{""summary"": ""Aschsoft Inc. is hiring Regional Managers globally due to increased service popularity.  Applicants should provide personal information (First Name, Last Name, Country, Email, Contact Number, Time available) and a resume to Michle.Gans@gmail.com.  The company offers a flexible schedule, good salary, tax payment, and insurance. A Call Manager will provide further details.""}","{""classification"": ""PHISHING"", ""reasoning"": ""Requests for personal information via email from an unfamiliar sender, especially with promises of a job offer, are common phishing tactics.""}"
59,Re: smtp_connection_cache_destinations by network address,0,LEGITIMATE,legit,Viktor is responding to Barak Yakir's email about an ISP policy limiting TCP connections to 12 per minute with a 5-minute ban for exceeding the limit. Viktor suggests that the current Postfix configuration (smtp_destination_rate_delay = 10s) won't be effective when a single MX host handles many domains.,,Technical discussion about email server configuration.,,"{""summary"": ""Viktor is responding to Barak Yakir's email about an ISP policy limiting TCP connections to 12 per minute with a 5-minute ban for exceeding the limit. Viktor suggests that the current Postfix configuration (smtp_destination_rate_delay = 10s) won't be effective when a single MX host handles many domains.""}","{""classification"": ""LEGITIMATE"", ""reasoning"": ""Technical discussion about email server configuration.""}"
60,Complete Verification,1,PHISHING,tech_support,Email Security is requesting jose@monkey.org to complete account verification by logging in to their website via a provided link to protect their internet security. Replies to this email are not answered.,,Requests for account verification via unsolicited links are a common phishing tactic.,,"{""summary"": ""Email Security is requesting jose@monkey.org to complete account verification by logging in to their website via a provided link to protect their internet security. Replies to this email are not answered.""}","{""classification"": ""PHISHING"", ""reasoning"": ""Requests for account verification via unsolicited links are a common phishing tactic.""}"
61,RE: liberal defnitions,0,LEGITIMATE,legit,Geege disagrees with John Hall's statement that liberals believe either excessive spending or regulation is problematic.,,"The email subject and content suggest a normal, non-malicious discussion about political viewpoints.",,"{""summary"": ""Geege disagrees with John Hall's statement that liberals believe either excessive spending or regulation is problematic.""}","{""classification"": ""LEGITIMATE"", ""reasoning"": ""The email subject and content suggest a normal, non-malicious discussion about political viewpoints.""}"
62,"re : university of texas conference on energy finance , february 2001",0,LEGITIMATE,legit,"Ehud Ronn, Jack S. Josey Professor in Energy Studies at the University of Texas at Austin, is following up on an earlier request for Jeff Skilling to be a keynote speaker at their Spring Conference on Energy Finance on February 22nd. They have secured hotel rooms at the Radisson Hotel and need to confirm Skilling's participation soon to guarantee the rooms.",,The email appears to be a legitimate follow-up from a university professor regarding a conference.,,"{""summary"": ""Ehud Ronn, Jack S. Josey Professor in Energy Studies at the University of Texas at Austin, is following up on an earlier request for Jeff Skilling to be a keynote speaker at their Spring Conference on Energy Finance on February 22nd. They have secured hotel rooms at the Radisson Hotel and need to confirm Skilling's participation soon to guarantee the rooms.""}","{""classification"": ""LEGITIMATE"", ""reasoning"": ""The email appears to be a legitimate follow-up from a university professor regarding a conference.""}"
63,"2006 Global Digital Media - Convergence, Triple Play and IPTV",1,LEGITIMATE,stock_pump_dump,"This email from Research and Markets promotes their 2006 Global Digital Media Report, which analyzes trends in digital TV, IPTV, broadband, and convergence. The report covers topics like triple play business models, branding, customer service, and regional overviews. It highlights key trends such as the rise of broadband TV, video-on-demand, and mobile TV. The report is priced at EUR 1407 for 1-10 users and EUR 2111 for 1-20 users. The sender provides three ways to order the report: online, by fax, or by mail. They also offer links to related reports and encourage the recipient to subscribe for future market research updates.",,The email appears to be a legitimate marketing email from a market research firm promoting a paid report.,,"{""summary"": ""This email from Research and Markets promotes their 2006 Global Digital Media Report, which analyzes trends in digital TV, IPTV, broadband, and convergence. The report covers topics like triple play business models, branding, customer service, and regional overviews. It highlights key trends such as the rise of broadband TV, video-on-demand, and mobile TV. The report is priced at EUR 1407 for 1-10 users and EUR 2111 for 1-20 users. The sender provides three ways to order the report: online, by fax, or by mail. They also offer links to related reports and encourage the recipient to subscribe for future market research updates.""}","{""classification"": ""LEGITIMATE"", ""reasoning"": ""The email appears to be a legitimate marketing email from a market research firm promoting a paid report.""}"
64,Ranking And Reviews Of The Top 5 Penis Enlargement Products!,1,PHISHING,pharm_sex,The sender is promoting penis enlargement products and provides a link to their website (http://jumpwill.com/) where users can read testimonials.,,"Subject line uses sensationalized language and promises unrealistic results, common tactics in phishing emails.",,"{""summary"": ""The sender is promoting penis enlargement products and provides a link to their website (http://jumpwill.com/) where users can read testimonials.""}","{""classification"": ""PHISHING"", ""reasoning"": ""Subject line uses sensationalized language and promises unrealistic results, common tactics in phishing emails.""}"
65,04/09/2022 04:39:51 pm :Wells Fargo: You Have A Notification!,1,PHISHING,document_share,"Wells Fargo claims there is a new message requiring account verification. The sender requests the recipient download an attachment, fill out requested information, and complete the verification process to prevent account blockage. The email includes a claim of being from the Wells Fargo Online security system.",,"Requests sensitive information and attachment download for account verification, common phishing tactic.",,"{""summary"": ""Wells Fargo claims there is a new message requiring account verification. The sender requests the recipient download an attachment, fill out requested information, and complete the verification process to prevent account blockage. The email includes a claim of being from the Wells Fargo Online security system.""}","{""classification"": ""PHISHING"", ""reasoning"": ""Requests sensitive information and attachment download for account verification, common phishing tactic.""}"
66,[IIU] IIU: Recommendations on phone / pda+phone + European GPRS coverage,0,LEGITIMATE,legit,Bernard Tyers is sharing information about a potential phone/PDA combination with Bluetooth and HSCSD capabilities. He is working on a document about it and will share it if anyone is interested.,,The email appears to be a legitimate internal communication about a work-related topic.,,"{""summary"": ""Bernard Tyers is sharing information about a potential phone/PDA combination with Bluetooth and HSCSD capabilities. He is working on a document about it and will share it if anyone is interested.""}","{""classification"": ""LEGITIMATE"", ""reasoning"": ""The email appears to be a legitimate internal communication about a work-related topic.""}"
67,Anybody home??,0,LEGITIMATE,legit,"Amos Shapir from the Hebrew University of Jerusalem inquires about the inactivity on a mailing list, wondering if it has been abandoned. He refrains from asking about a new release.",,The email appears to be a genuine inquiry about a mailing list from a known institution.,,"{""summary"": ""Amos Shapir from the Hebrew University of Jerusalem inquires about the inactivity on a mailing list, wondering if it has been abandoned. He refrains from asking about a new release. ""}","{""classification"": ""LEGITIMATE"", ""reasoning"": ""The email appears to be a genuine inquiry about a mailing list from a known institution.""}"
68,McGhie sent you a PDF document via Dropbox,1,PHISHING,document_share,"K McGhie shared a PDF document via Dropbox and requests the recipient verify their email address to ensure they are the intended viewer. The email includes a link to view the PDF, which requires signing in with an email and password.",,"Requests verification and password for access to a shared file, a common phishing tactic.",,"{""summary"": ""K McGhie shared a PDF document via Dropbox and requests the recipient verify their email address to ensure they are the intended viewer. The email includes a link to view the PDF, which requires signing in with an email and password.""}","{""classification"": ""PHISHING"", ""reasoning"": ""Requests verification and password for access to a shared file, a common phishing tactic.""}"
69,fwd ,0,LEGITIMATE,legit,Jean Mehat from Institut Pasteur reports a bug in the C compiler where a structure assignment operation is not behaving as expected. He describes the issue and its unintended consequences.,,"The email appears to be a technical report about a bug, which is consistent with legitimate communication within a research institution.",,"{""summary"": ""Jean Mehat from Institut Pasteur reports a bug in the C compiler where a structure assignment operation is not behaving as expected. He describes the issue and its unintended consequences.""}","{""classification"": ""LEGITIMATE"", ""reasoning"": ""The email appears to be a technical report about a bug, which is consistent with legitimate communication within a research institution.""}"
70,chevron and texaco to merge,0,LEGITIMATE,legit,"Chevron Corp. and Texaco Inc. announced a $100 billion merger. Texaco shareholders will receive 0.77 Chevron shares for each Texaco share, representing a 18% premium based on Texaco's closing share price on October 13. The combined company will have an enterprise value of over $100 billion, with Chevron shareholders owning 61% and Texaco shareholders owning 39%.",,This email describes a plausible business merger between two well-known companies.,,"{""summary"": ""Chevron Corp. and Texaco Inc. announced a $100 billion merger. Texaco shareholders will receive 0.77 Chevron shares for each Texaco share, representing a 18% premium based on Texaco's closing share price on October 13. The combined company will have an enterprise value of over $100 billion, with Chevron shareholders owning 61% and Texaco shareholders owning 39%.""}","{""classification"": ""LEGITIMATE"", ""reasoning"": ""This email describes a plausible business merger between two well-known companies.""}"
71,re : final draft of power gtc ( really eei ) for online trading with,0,LEGITIMATE,legit,"Elizabeth Sager is requesting Genia's help in cleaning up the attached 'online trading GTCS for physical power' document, and Leslie's review and feedback. She expects the document to be finalized by Monday morning and will then use it to create a long-form EEE for regular negotiation by Monday afternoon.",,The email appears to be a standard internal business communication requesting document review and feedback.,,"{""summary"": ""Elizabeth Sager is requesting Genia's help in cleaning up the attached 'online trading GTCS for physical power' document, and Leslie's review and feedback. She expects the document to be finalized by Monday morning and will then use it to create a long-form EEE for regular negotiation by Monday afternoon. ""}","{""classification"": ""LEGITIMATE"", ""reasoning"": ""The email appears to be a standard internal business communication requesting document review and feedback.""}"
72,[Spambayes] Deployment,0,LEGITIMATE,legit,Guido van Rossum asks the recipient if they can write a tool similar to SpamAssassin. The recipient expresses willingness to modify GBayes.py over the weekend.,,The email content describes a legitimate request for help from Guido van Rossum regarding an open-source project.,,"{""summary"": ""Guido van Rossum asks the recipient if they can write a tool similar to SpamAssassin. The recipient expresses willingness to modify GBayes.py over the weekend.""}","{""classification"": ""LEGITIMATE"", ""reasoning"": ""The email content describes a legitimate request for help from Guido van Rossum regarding an open-source project.""}"
73,Regional Managers Needed ,1,PHISHING,hr_impersonation,"Aschsoft Inc., the exclusive order software provider, is hiring Regional Managers due to the service's growing popularity.  Applicants should fill out a form with personal information (First Name, Last Name, Country, E-Mail, Contact Number, Time available to talk) and send it to Michle.Gans@gmail.com. A resume is preferred. Call Managers will then provide further information.",,Suspicious email address and request for personal information.,,"{""summary"": ""Aschsoft Inc., the exclusive order software provider, is hiring Regional Managers due to the service's growing popularity.  Applicants should fill out a form with personal information (First Name, Last Name, Country, E-Mail, Contact Number, Time available to talk) and send it to Michle.Gans@gmail.com. A resume is preferred. Call Managers will then provide further information.""}","{""classification"": ""PHISHING"", ""reasoning"": ""Suspicious email address and request for personal information.""}"
74,s . tamarchenko,0,LEGITIMATE,legit,"Vince approves hiring S. Tamarchenko as a summer temporary employee for 40 hours a week, as long as it complies with regulations.",,The email appears to be an internal communication regarding a hiring decision.,,"{""summary"": ""Vince approves hiring S. Tamarchenko as a summer temporary employee for 40 hours a week, as long as it complies with regulations.""}","{""classification"": ""LEGITIMATE"", ""reasoning"": ""The email appears to be an internal communication regarding a hiring decision.""}"
75,fw : first deliveries - pure resources and louis dreyfus natural gas,0,LEGITIMATE,legit,"Vance L. Taylor requests Daren Farmer to create tickets in SITARA for two natural gas deals: one with Louis Dreyfus Natural Gas Corp and one with Pure Resources, L.P. The deals involve specific volumes, prices, and periods. He also mentions that committed reserves firm tickets will be submitted for the remaining term of the deals and that these are producer services deals to be tracked in the IM Wellhead portfolio. The email includes attachments related to the gathering contract.",,The email appears to be a legitimate internal request for contract processing within a company.,,"{""summary"": ""Vance L. Taylor requests Daren Farmer to create tickets in SITARA for two natural gas deals: one with Louis Dreyfus Natural Gas Corp and one with Pure Resources, L.P. The deals involve specific volumes, prices, and periods. He also mentions that committed reserves firm tickets will be submitted for the remaining term of the deals and that these are producer services deals to be tracked in the IM Wellhead portfolio. The email includes attachments related to the gathering contract.""}","{""classification"": ""LEGITIMATE"", ""reasoning"": ""The email appears to be a legitimate internal request for contract processing within a company.""}"
76,$ 1 . 5 billion in chapter 11 financing from a bank group led by j . p .,0,PHISHING,legit,The sender is contacting the recipient regarding $1.5 billion in Chapter 11 financing from a bank group led by J.P.,,"Subject line uses dollar amounts and mentions a bank, which is a common tactic in phishing emails.",,"{""summary"": ""The sender is contacting the recipient regarding $1.5 billion in Chapter 11 financing from a bank group led by J.P.  ""}","{""classification"": ""PHISHING"", ""reasoning"": ""Subject line uses dollar amounts and mentions a bank, which is a common tactic in phishing emails.""}"
77,year - to - date deal report,0,LEGITIMATE,legit,"Lex Carroll from Enron East Power Marketing, Inc. Midwest Origination sent a year-to-date deal report through 11/21/01. Contact information provided: 713-853-5426.",,Business-related email with sender information and specific subject matter.,,"{""summary"": ""Lex Carroll from Enron East Power Marketing, Inc. Midwest Origination sent a year-to-date deal report through 11/21/01. Contact information provided: 713-853-5426.""}","{""classification"": ""LEGITIMATE"", ""reasoning"": ""Business-related email with sender information and specific subject matter.""}"
78,Re:,1,PHISHING,stock_pump_dump,"This email urges the recipient to research De Greko, Inc. (OTC: DGKO) and its new 'Clixme' product, as a nationwide awareness campaign will begin in 45 days targeting major media outlets. The sender claims the company is receiving high demand for the product and intends to sell one million shares, which could impact the stock price. The email warns of potential losses and advises the recipient to read the company's annual report before investing.",,"The email uses high-pressure tactics and promotes a specific stock with potential for profit, which are common characteristics of phishing attempts.",,"{""summary"": ""This email urges the recipient to research De Greko, Inc. (OTC: DGKO) and its new 'Clixme' product, as a nationwide awareness campaign will begin in 45 days targeting major media outlets. The sender claims the company is receiving high demand for the product and intends to sell one million shares, which could impact the stock price. The email warns of potential losses and advises the recipient to read the company's annual report before investing.""}","{""classification"": ""PHISHING"", ""reasoning"": ""The email uses high-pressure tactics and promotes a specific stock with potential for profit, which are common characteristics of phishing attempts.""}"
79,"( jose@monkey.org  ) - You have received 3 pdf files via WeTransfer
 from (info@aevumglobal.es)",1,PHISHING,document_share,"Aevumglobal.es sent 3 PDF files (total 3.6 MB) via WeTransfer to jose@monkey.org. The files expire on August 8, 2021. The recipient is asked to download them from the provided link: https://wetranecure-lastime.eu-gb.cf.appdomain.cloud/4e1ddb3220575cb3120210629094220/c8807144c16d5de7fbe4780ae9f1f09420210629094236/ad91ea",,"Suspicious link and sender domain, combined with a generic subject line, are red flags.",,"{""summary"": ""Aevumglobal.es sent 3 PDF files (total 3.6 MB) via WeTransfer to jose@monkey.org. The files expire on August 8, 2021. The recipient is asked to download them from the provided link: https://wetranecure-lastime.eu-gb.cf.appdomain.cloud/4e1ddb3220575cb3120210629094220/c8807144c16d5de7fbe4780ae9f1f09420210629094236/ad91ea""}","```json
{
""classification"": ""PHISHING"",
""reasoning"": ""Suspicious link and sender domain, combined with a generic subject line, are red flags.""
}
```"
80,Re: Purpose for SpamAssassin using MySQL,0,LEGITIMATE,legit,Daryl responds to Rob Mangiafico's question about the effectiveness of using a shared vs. individual Bayes DB in MySQL for SpamAssassin in an ISP/host environment. Daryl suggests using per-domain databases for domains with many users and a global database for smaller domains.,,"Technical discussion about email filtering, likely a genuine exchange between IT professionals.",,"{""summary"": ""Daryl responds to Rob Mangiafico's question about the effectiveness of using a shared vs. individual Bayes DB in MySQL for SpamAssassin in an ISP/host environment. Daryl suggests using per-domain databases for domains with many users and a global database for smaller domains.""}","{""classification"": ""LEGITIMATE"", ""reasoning"": ""Technical discussion about email filtering, likely a genuine exchange between IT professionals.""}"
81,ConceptDraw Business Suite Spring Special offer ($300),0,LEGITIMATE,legit,"Oleg Bocharnikov from ConceptDraw is offering a Spring Special on ConceptDraw Business Suite for $300, a savings of $397. The suite includes ConceptDraw 7 Pro, ConceptDraw Project 4, and ConceptDraw Mindmap 5 Pro. The offer is valid until March 31, 2008 and cannot be applied to previous purchases. The email provides links to purchase the suite and learn more about its features.",,The email appears to be a legitimate promotional offer from a known software company.,,"{""summary"": ""Oleg Bocharnikov from ConceptDraw is offering a Spring Special on ConceptDraw Business Suite for $300, a savings of $397. The suite includes ConceptDraw 7 Pro, ConceptDraw Project 4, and ConceptDraw Mindmap 5 Pro. The offer is valid until March 31, 2008 and cannot be applied to previous purchases. The email provides links to purchase the suite and learn more about its features.""}","{""classification"": ""LEGITIMATE"", ""reasoning"": ""The email appears to be a legitimate promotional offer from a known software company.""}"
82,More strength and stamina in bed,1,PHISHING,pharm_sex,"The sender is promoting a 'risk-free natural method of male enhancement' via a link (http://placefall.com/). They also mention Soros, Teodoresco, and Sandra Pralong in an unrelated context.",,"The subject line and email content promote a product with unsubstantiated claims, using a suspicious link.",,"{""summary"": ""The sender is promoting a 'risk-free natural method of male enhancement' via a link (http://placefall.com/). They also mention Soros, Teodoresco, and Sandra Pralong in an unrelated context.""}","{""classification"": ""PHISHING"", ""reasoning"": ""The subject line and email content promote a product with unsubstantiated claims, using a suspicious link.""}"
83,Re: Attention,1,PHISHING,hr_impersonation,"This email informs customers of a new regulation requiring physician consultations and medical prescriptions for orders starting August 8th, 2008. Customers who place orders before this date will be exempt from the regulation. The email promotes current dosages and provides a web link (http://www.archnew.com) for ordering.",,Requests for personal medical information and urgent deadlines are common phishing tactics.,,"```json
{
""summary"": ""This email informs customers of a new regulation requiring physician consultations and medical prescriptions for orders starting August 8th, 2008. Customers who place orders before this date will be exempt from the regulation. The email promotes current dosages and provides a web link (http://www.archnew.com) for ordering.""
}
```","{""classification"": ""PHISHING"", ""reasoning"": ""Requests for personal medical information and urgent deadlines are common phishing tactics.""}"
84,Ref Number: SWE/074OY8/01/SWKY,1,PHISHING,lottery,"The sender, claiming to be from SWEDISH-PLAYTAKE INTERNATIONAL PROMOTIONS, informs the recipient they have won 1,000,000.00m in a lottery. They request the recipient to contact SNS BANK in the Netherlands via email to claim the prize within 10 days, providing personal information such as full name, telephone number, fax, address, age, and occupation. The email includes a reference number (SWE/074OY8/01/SWKY), batch number (06/00/2107), and ticket number (018-00741234-057).",,"Requests personal information and prize claim via email, common phishing tactic.",,"{""summary"": ""The sender, claiming to be from SWEDISH-PLAYTAKE INTERNATIONAL PROMOTIONS, informs the recipient they have won 1,000,000.00m in a lottery. They request the recipient to contact SNS BANK in the Netherlands via email to claim the prize within 10 days, providing personal information such as full name, telephone number, fax, address, age, and occupation. The email includes a reference number (SWE/074OY8/01/SWKY), batch number (06/00/2107), and ticket number (018-00741234-057).""}","{""classification"": ""PHISHING"", ""reasoning"": ""Requests personal information and prize claim via email, common phishing tactic.""}"
85,Astrology.com: Daily Feng Shui Tip,0,LEGITIMATE,legit,"This email from Ellen Whitehurst at Astrology.com provides a daily Feng Shui tip for relieving poison ivy or oak rashes using watermelon. It also promotes various astrology and psychic readings available on the website, including free samples and personalized options. The email includes links to explore different sections of the website and unsubscribe options.",,"The email appears to be a promotional email from a legitimate astrology website, offering a tip and promoting its services.",,"{""summary"": ""This email from Ellen Whitehurst at Astrology.com provides a daily Feng Shui tip for relieving poison ivy or oak rashes using watermelon. It also promotes various astrology and psychic readings available on the website, including free samples and personalized options. The email includes links to explore different sections of the website and unsubscribe options.""}","{""classification"": ""LEGITIMATE"", ""reasoning"": ""The email appears to be a promotional email from a legitimate astrology website, offering a tip and promoting its services.""}"
86,nan,0,LEGITIMATE,legit,"Tim Goodwin from pipex.net inquires about the possibility of obtaining Plan 9 as an individual. He suggests contacting Bell Labs or finding a university for part-time work as an OS hacker. The sender states that it might become possible for individuals to acquire the system in the future, but there are no guarantees.",,The email discusses obtaining an obscure operating system and suggests legitimate avenues for acquiring it.,,"{""summary"": ""Tim Goodwin from pipex.net inquires about the possibility of obtaining Plan 9 as an individual. He suggests contacting Bell Labs or finding a university for part-time work as an OS hacker. The sender states that it might become possible for individuals to acquire the system in the future, but there are no guarantees.""}","{""classification"": ""LEGITIMATE"", ""reasoning"": ""The email discusses obtaining an obscure operating system and suggests legitimate avenues for acquiring it.""}"
87,Re: Confidentiality Agreement ,0,PHISHING,legit,Peter from ECS requests a confidentiality agreement to discuss their Structured Horsepower Concept with Ormat. They plan to amend the agreement later to discuss specific deals. Contact information for Ormat's H.M. Leibowitz is provided.,,Requests for confidential agreements with vague details and unsolicited contact are common phishing tactics.,,"{""summary"": ""Peter from ECS requests a confidentiality agreement to discuss their Structured Horsepower Concept with Ormat. They plan to amend the agreement later to discuss specific deals. Contact information for Ormat's H.M. Leibowitz is provided.""}","{""classification"": ""PHISHING"", ""reasoning"": ""Requests for confidential agreements with vague details and unsolicited contact are common phishing tactics.""}"
88,[DMDX] DigitalVox RT 1,0,LEGITIMATE,legit,"Jonathan (j.c.f.) provides a workaround for RT 1 issues with Digital Vox, suggesting to specify a time limit in each item to force DirectSoundCapture reinitialization. He recommends installing DirectX 7.0 for a more stable solution.",,"The email discusses technical troubleshooting for a specific software issue, which is consistent with legitimate support communication.",,"{""summary"": ""Jonathan (j.c.f.) provides a workaround for RT 1 issues with Digital Vox, suggesting to specify a time limit in each item to force DirectSoundCapture reinitialization. He recommends installing DirectX 7.0 for a more stable solution.""}","{""classification"": ""LEGITIMATE"", ""reasoning"": ""The email discusses technical troubleshooting for a specific software issue, which is consistent with legitimate support communication.""}"
89,i will be out next week,0,PHISHING,legit,"The sender is requesting an update on outstanding imbalances with various energy companies (e.g., Channel/El Paso, Chevron, Dynegi, Duke Energy, Amoco, Entex, Reliant, Gulfmark, Exxon, Texaco, Vastar, Southern, Webb/Duval, Midcon). They express concern about the accuracy and completeness of the imbalance report and urge the recipient to resolve these issues promptly. The sender also mentions a request from the Railroad Commission of Texas (RRRC) to compile a list of customers to be cut this winter based on priority filed years ago. They ask for the recipient's assistance in compiling this list and suggest contacting Jackie Morgan for contract system access.",,"Requests for sensitive information (customer lists, contract access) and mentions of urgent action regarding energy imbalances are common phishing tactics.",,"{""summary"": ""The sender is requesting an update on outstanding imbalances with various energy companies (e.g., Channel/El Paso, Chevron, Dynegi, Duke Energy, Amoco, Entex, Reliant, Gulfmark, Exxon, Texaco, Vastar, Southern, Webb/Duval, Midcon). They express concern about the accuracy and completeness of the imbalance report and urge the recipient to resolve these issues promptly. The sender also mentions a request from the Railroad Commission of Texas (RRRC) to compile a list of customers to be cut this winter based on priority filed years ago. They ask for the recipient's assistance in compiling this list and suggest contacting Jackie Morgan for contract system access.""}","{""classification"": ""PHISHING"", ""reasoning"": ""Requests for sensitive information (customer lists, contract access) and mentions of urgent action regarding energy imbalances are common phishing tactics.""}"
90,CONGRATULATIONS,1,PHISHING,lottery,"Mrs. Gladys Owen, claiming to be from the Euro-Afro-American Sweepstake Lottery, informs the recipient they won US$820,000. They are instructed to contact Hon. John Edward in South Africa via email (hon_johny020edward@yahoo.com) or phone (+27-83-485-6082) to claim the prize. The deadline to claim is April 20, 2005. The email includes a reference number (EAASL/851OYHI/04) and batch number (12/25/DC34).",,"Classic lottery scam with unrealistic winnings, urgent deadline, and suspicious contact information.",,"{""summary"": ""Mrs. Gladys Owen, claiming to be from the Euro-Afro-American Sweepstake Lottery, informs the recipient they won US$820,000. They are instructed to contact Hon. John Edward in South Africa via email (hon_johny020edward@yahoo.com) or phone (+27-83-485-6082) to claim the prize. The deadline to claim is April 20, 2005. The email includes a reference number (EAASL/851OYHI/04) and batch number (12/25/DC34).""}","{""classification"": ""PHISHING"", ""reasoning"": ""Classic lottery scam with unrealistic winnings, urgent deadline, and suspicious contact information.""}"
91,Spazbotlink,0,PHISHING,legit,"The sender, who apologizes for a previous incomplete URL, provides the full URL nfn.no-ip.com/spazbot.",,Suspicious domain name and vague subject line suggest phishing.,,"{""summary"": ""The sender, who apologizes for a previous incomplete URL, provides the full URL nfn.no-ip.com/spazbot.""}","{""classification"": ""PHISHING"", ""reasoning"": ""Suspicious domain name and vague subject line suggest phishing.""}"
92,Your Email account will be deactivated,1,PHISHING,document_share,This email claims to be from Microsoft Outlook Web App and informs the recipient that their account removal request has been approved and will be initiated in one hour. It instructs the recipient to ignore the message to proceed with removal or open an attached file to keep their account active if the deactivation was not requested. The email also provides instructions on how to use Outlook Web App and enable cookies.,,The email uses scare tactics and impersonates a legitimate service to trick the recipient into opening a potentially malicious attachment.,,"{""summary"": ""This email claims to be from Microsoft Outlook Web App and informs the recipient that their account removal request has been approved and will be initiated in one hour. It instructs the recipient to ignore the message to proceed with removal or open an attached file to keep their account active if the deactivation was not requested. The email also provides instructions on how to use Outlook Web App and enable cookies.""}","{""classification"": ""PHISHING"", ""reasoning"": ""The email uses scare tactics and impersonates a legitimate service to trick the recipient into opening a potentially malicious attachment.""}"
93,California 7/19,0,LEGITIMATE,legit,"This email discusses California's Assembly and Senate bills (AB82xx and SB78xx) aimed at addressing SoCal's energy crisis. Both bills are non-urgent and face delays, with a key deadline of September 15th when bank creditor forbearance expires. SCE opposes SB78xx, citing concerns about the haircut amount, lack of regulatory framework, and potential for involuntary bankruptcy.  Senator Burton, the bill's main proponent, insists that SCE will have to negotiate with its creditors and that a favorable deal is unlikely.",,"The email discusses specific California legislation and political figures, suggesting a legitimate news or political context.",,"{""summary"": ""This email discusses California's Assembly and Senate bills (AB82xx and SB78xx) aimed at addressing SoCal's energy crisis. Both bills are non-urgent and face delays, with a key deadline of September 15th when bank creditor forbearance expires. SCE opposes SB78xx, citing concerns about the haircut amount, lack of regulatory framework, and potential for involuntary bankruptcy.  Senator Burton, the bill's main proponent, insists that SCE will have to negotiate with its creditors and that a favorable deal is unlikely.""}","{""classification"": ""LEGITIMATE"", ""reasoning"": ""The email discusses specific California legislation and political figures, suggesting a legitimate news or political context.""}"
94,Re: [opensuse] Extensive disk i/o at startup (10.3)(rephrased posting),0,LEGITIMATE,legit,"Verner Kjærsgaard reports that their SuSE10.3 system experiences heavy disk I/O at startup, which resolves after 10 minutes. The issue appears to be related to Kmail. They previously removed Beagle/Kerry, which resolved a separate issue, but the disk I/O problem persists when Kmail is launched. They are seeking suggestions for further investigation.",,The email discusses a technical issue with a specific software (Kmail) on a Linux distribution (SuSE). This is consistent with legitimate technical support requests.,,"{""summary"": ""Verner Kjærsgaard reports that their SuSE10.3 system experiences heavy disk I/O at startup, which resolves after 10 minutes. The issue appears to be related to Kmail. They previously removed Beagle/Kerry, which resolved a separate issue, but the disk I/O problem persists when Kmail is launched. They are seeking suggestions for further investigation.""}","{""classification"": ""LEGITIMATE"", ""reasoning"": ""The email discusses a technical issue with a specific software (Kmail) on a Linux distribution (SuSE). This is consistent with legitimate technical support requests.""}"
95,1 NEW UPDATE: [jose@monkey.org! Has been blacklisted],1,PHISHING,account_verify,"This email informs jose@monkey.org that their email address has been blacklisted, causing messages to be marked as spam and potentially blocked. They are asked to click a link to remove their email from the blacklist and learn more about the system at https://help.tune.com/hasoffers/blacklists-spam/",,"Requests user to click a link to resolve a blacklist issue, a common phishing tactic.",,"{""summary"": ""This email informs jose@monkey.org that their email address has been blacklisted, causing messages to be marked as spam and potentially blocked. They are asked to click a link to remove their email from the blacklist and learn more about the system at https://help.tune.com/hasoffers/blacklists-spam/""}","{""classification"": ""PHISHING"", ""reasoning"": ""Requests user to click a link to resolve a blacklist issue, a common phishing tactic.""}"
96,"Rev 11811: Actually use client.conf,	defer more code as far as possible. in	file:///home/jelmer/bzr.samba/SAMBA_4_0/",0,LEGITIMATE,legit,"Jelmer Vernooij submitted revision 11811 to the SAMBA_4_0 branch. This revision updates mktestdc.sh and selftest.pl to use client.conf and defer more code as far as possible. The changes include setting environment variables like CONFIGURATION, CONFFILE, and PIDDIR, and modifying the client.conf file to include settings like netbios name, realm, and interfaces. The revision also sets up a test environment with specific settings for the tests.",,The email appears to be a legitimate update notification from a software development project.,,"{""summary"": ""Jelmer Vernooij submitted revision 11811 to the SAMBA_4_0 branch. This revision updates mktestdc.sh and selftest.pl to use client.conf and defer more code as far as possible. The changes include setting environment variables like CONFIGURATION, CONFFILE, and PIDDIR, and modifying the client.conf file to include settings like netbios name, realm, and interfaces. The revision also sets up a test environment with specific settings for the tests.""}","{""classification"": ""LEGITIMATE"", ""reasoning"": ""The email appears to be a legitimate update notification from a software development project.""}"
97,WITH DUE RESPECT,1,PHISHING,advance_fee,"Barrister Kam Ibrahim, claiming to be the attorney for a deceased German businessman, John Korovo, seeks a recipient to act as next of kin to claim a $30.5 million USD inheritance. He offers 30% of the funds as compensation for assistance in transferring the money to a nominated bank account. The email urges immediate action to avoid the funds being transferred to the bank's treasury as unclaimed property. It mentions legal documents to support the claim and promises a legitimate arrangement.",,Classic inheritance scam with high pressure tactics and promise of large sum of money for assistance.,,"{""summary"": ""Barrister Kam Ibrahim, claiming to be the attorney for a deceased German businessman, John Korovo, seeks a recipient to act as next of kin to claim a $30.5 million USD inheritance. He offers 30% of the funds as compensation for assistance in transferring the money to a nominated bank account. The email urges immediate action to avoid the funds being transferred to the bank's treasury as unclaimed property. It mentions legal documents to support the claim and promises a legitimate arrangement.""}","{""classification"": ""PHISHING"", ""reasoning"": ""Classic inheritance scam with high pressure tactics and promise of large sum of money for assistance.""}"
98,READ AND REPLY,1,PHISHING,advance_fee,"Mrs. Mariam Khalifa, a terminally ill Muslim woman, is requesting assistance in transferring US$12.4 million to a recipient for charitable purposes. She claims the funds were deposited by her late husband, a former Iraqi government official, and are held in a secure overseas location. She offers a 10% commission for assistance and urges a prompt response, threatening to find another recipient if she doesn't hear back soon.",,Classic advance-fee scam with high-pressure tactics and unrealistic claims.,,"{""summary"": ""Mrs. Mariam Khalifa, a terminally ill Muslim woman, is requesting assistance in transferring US$12.4 million to a recipient for charitable purposes. She claims the funds were deposited by her late husband, a former Iraqi government official, and are held in a secure overseas location. She offers a 10% commission for assistance and urges a prompt response, threatening to find another recipient if she doesn't hear back soon.""}","{""classification"": ""PHISHING"", ""reasoning"": ""Classic advance-fee scam with high-pressure tactics and unrealistic claims.""}"
99,ORIGINAL SHIPPING DOCUMENT INVOICE / PAYMENT jose@monkey.org,1,PHISHING,document_share,"Maersk Line Shipping claims to have received the recipient's shipping document (BL/Invoice, vessel's ETA & Packing List) and requests confirmation of the parcel and consignee address via a provided link. The sender identifies themselves as the Logistics manager.",,"Requests sensitive information (address) via a link, impersonates a shipping company",,"{""summary"": ""Maersk Line Shipping claims to have received the recipient's shipping document (BL/Invoice, vessel's ETA & Packing List) and requests confirmation of the parcel and consignee address via a provided link. The sender identifies themselves as the Logistics manager.""}","{""classification"": ""PHISHING"", ""reasoning"": ""Requests sensitive information (address) via a link, impersonates a shipping company""}"
